id,forename,surname,second_surname,email,phone_code,phone_number,birth,dni,building_id,residence_id,username,password,hash,validated,sys_admin,portrait_url,starting_date,ending_date
1,Carmen,Espinosa,Ortiz,carmenesp1990@gmail.com,34,963992134,1990-06-22,55921386C,1,1,user,user,$2a$10$yQKQdwIq5Q5nqJo7AP.Lmu9GsaXkUqHpIj6QUfl154JPh3ippjViS,TRUE,FALSE,1438761681033-6461ffad8d80,"""2022-01-01""",
2,Luz,Fernandez,García,luz_fernandez@hotmail.com,34,655267790,1987-10-19,88231154F,1,1,,,,,,,"""2022-01-01""",
3,Mikhail,Korolev,,mikkor@yahoo.com,34,967721031,1965-12-30,51802544N,1,2,mikhailkorolov,password,$2a$10$l1Vmac11oGJP7J4Gz8A2Te6kLk0LO09sBcmnoAgGDLf4iKiFPKEsq,TRUE,FALSE,1539571696357-5a69c17a67c6,"""2022-01-01""",
4,Soledad,Molina,Rocha,somoro67@hotmail.com,34,772931647,1967-11-17,80038104J,1,2,,,,,,,"""2022-01-01""",
5,María del Mar,Pineda,Navarro,marimar.pineda@hotmail.com,34,790448213,1948-09-16,91975156L,1,3,,,,,,,"""2022-01-01""","""2023-06-30"""
6,Milagros,Zuniga,Lucero,milagros.zuniga@yahoo.com,34,899216445,1994-11-09,58388741K,1,3,,,,,,,"""2022-01-01""","""2023-06-30"""
7,Carlos,Castilla,Zamora,carcaza94@gmail.com,34,792261306,1994-05-02,02296421D,1,3,carloscastilla,password,$2a$10$l1Vmac11oGJP7J4Gz8A2Te6kLk0LO09sBcmnoAgGDLf4iKiFPKEsq,TRUE,FALSE,1620225700549-0ebf995a3d9a,"""2022-01-01""","""2023-06-30"""
8,Andrea,Mir,Olva,amirolba@mail.org,34,764298346,1985-05-19,92347502X,1,3,amirolba,password,$2a$10$l1Vmac11oGJP7J4Gz8A2Te6kLk0LO09sBcmnoAgGDLf4iKiFPKEsq,TRUE,FALSE,1506863530036-1efeddceb993,"""2023-08-01""",
9,Ulises,Portales,Quispe,up.quispe@mail.org,34,743456573,1988-01-17,29034509Q,1,3,,,,,,,"""2023-08-01""",
10,Martín,Maldonado,Castro,marmaca00@gmail.com,34,620773412,2000-02-07,59410465Q,1,4,,,,,,,"""2022-01-01""",
11,Pablo,Jorda,,pablojorda90@gmail.com,34,531009677,2003-07-23,93037013N,1,4,pablojorda90,password,$2a$10$l1Vmac11oGJP7J4Gz8A2Te6kLk0LO09sBcmnoAgGDLf4iKiFPKEsq,TRUE,FALSE,1568602471122-7832951cc4c5,"""2022-01-01""",
12,Cristian,García,Cantabria,crisgarcan93@gmail.com,34,948012377,1993-07-20,04265798B,1,5,cristiangarcia,password,$2a$10$l1Vmac11oGJP7J4Gz8A2Te6kLk0LO09sBcmnoAgGDLf4iKiFPKEsq,TRUE,FALSE,1564564321837-a57b7070ac4f,"""2022-01-01""",
13,Miguel Ángel ,Ledesma,Anillo,miguelangel.ledesma@hotmail.com,34,666720412,1970-03-22,12199979C,1,6,,,,,,,"""2022-01-01""",
14,Angélica,Rey,,angelicareyq@hotmail.com,34,738202278,1972-08-11,14482182W,1,6,angelicareyq,password,$2a$10$l1Vmac11oGJP7J4Gz8A2Te6kLk0LO09sBcmnoAgGDLf4iKiFPKEsq,TRUE,FALSE,1508214751196-bcfd4ca60f91,"""2022-01-01""",
15,Luis ,Ledesma,Acosta,luisito_ledesma98@gmail.com,34,743535329,1998-06-30,47763259X,1,6,,,,,,,"""2022-01-01""",
16,Renzo,Belon,,renzobelon@hotmail.com,34,662200403,1985-07-07,76641167S,1,7,renzobelon,password,$2a$10$l1Vmac11oGJP7J4Gz8A2Te6kLk0LO09sBcmnoAgGDLf4iKiFPKEsq,TRUE,FALSE,1576110598658-096ae24cdb97,"""2022-01-01""",
17,Katherine ,Bluer,,kateblue@hotmail.com,34,879111365,1988-12-06,48094905L,1,7,,,,,,,"""2022-01-01""",
18,Mateo,Ruiz,Trujillo,mateo.ruiz_trujillo@yahoo.com,34,744102977,1974-08-19,01436730N,1,8,mateoruiz,password,$2a$10$l1Vmac11oGJP7J4Gz8A2Te6kLk0LO09sBcmnoAgGDLf4iKiFPKEsq,TRUE,FALSE,1500648767791-00dcc994a43e,"""2022-01-01""",
19,Ricardo,Rossi,,ricarossi99@gmail.com,34,899391048,1999-01-30,92074524G,1,9,ricardorossi,password,$2a$10$l1Vmac11oGJP7J4Gz8A2Te6kLk0LO09sBcmnoAgGDLf4iKiFPKEsq,TRUE,FALSE,1592827095305-68f21edefb82,"""2022-01-01""",
20,John,Doe,Cooper,john.doe@example.com,34,849127904,1970-08-12,12385025T,1,10,johndoe,password,$2a$10$l1Vmac11oGJP7J4Gz8A2Te6kLk0LO09sBcmnoAgGDLf4iKiFPKEsq,TRUE,FALSE,1527082395-e939b847da0d,"""2022-08-01""","""2023-07-31"""
21,Alice,Cooper,,alice.cooper@music.org,34,395018302,1960-05-03,10475049E,1,10,,,,,,,"""2022-08-01""","""2023-07-31"""
22,Jefferson,Cooper,,jeffcooper90@gmail.com,34,608826576,1990-05-12,85851455E,1,10,,,,,,,"""2022-08-01""","""2023-07-31"""
23,Masanso,Tejada,,gt.coronado@mail.org,34,781938594,1990-05-14,43209548V,1,10,masanso7,password,$2a$10$l1Vmac11oGJP7J4Gz8A2Te6kLk0LO09sBcmnoAgGDLf4iKiFPKEsq,TRUE,FALSE,1607990281513-2c110a25bd8c,"""2024-02-01""",
24,Ana Lucía,Cornejo,Paredes,ac.paredes@mail.org,34,602888990,1991-02-12,97534485K,1,10,,,,,,,"""2024-02-01""",
25,Leonardo,Tejada,Cornejo,lt.lozano@mail.org,34,911800000,2001-04-23,84739289N,1,10,,,,,,,"""2024-02-01""",
26,Carlos,Mateo,,carlosmateo.vae@hotmail.es,34,797835500,1990-05-17,98842669P,1,11,carlosmateo.vae,password,$2a$10$l1Vmac11oGJP7J4Gz8A2Te6kLk0LO09sBcmnoAgGDLf4iKiFPKEsq,TRUE,FALSE,1463453091185-61582044d556,"""2022-01-01""",
27,Rebecca,Pines,,becca.pines@yahoo.com,34,230748797,1986-06-06,59662279A,1,12,,,,,,,"""2022-01-01""",
28,Gustavo,Acc,,gustavoacc07@yahoo.com,34,968400889,1986-02-02,31816363A,1,12,gustavoacc07,password,$2a$10$l1Vmac11oGJP7J4Gz8A2Te6kLk0LO09sBcmnoAgGDLf4iKiFPKEsq,TRUE,FALSE,1556474835-b0f3ac40d4d1,"""2022-01-01""",
29,Inmaculada,Granell,Franco,inma_granell80@hotmail.com,34,681371795,1979-08-24,11166260J,1,13,inmaculadagranell,password,$2a$10$l1Vmac11oGJP7J4Gz8A2Te6kLk0LO09sBcmnoAgGDLf4iKiFPKEsq,TRUE,FALSE,1487573884658-a5d3c667584e,"""2022-01-01""",
30,Corina,Valero,Granell,corina_valgra@gmail.com,34,520078058,1990-10-21,73044876G,1,13,,,,,,,"""2022-01-01""",
31,Esmeralda,Valero,Granell,esme_valgra@gmail.com,34,988846850,2000-09-09,26487326C,1,13,,,,,,,"""2022-01-01""",
32,Erika,Coronel,,ecoronel368@hotmail.com,34,785657064,1959-12-03,36735743M,1,14,ecoronel368,password,$2a$10$l1Vmac11oGJP7J4Gz8A2Te6kLk0LO09sBcmnoAgGDLf4iKiFPKEsq,TRUE,FALSE,1522938974444-f12497b69347,"""2022-01-01""",
33,Joan,Roig,Casado,redjohn@hotmail.com,34,783357999,1983-09-14,56565155J,1,15,joanroig,password,$2a$10$l1Vmac11oGJP7J4Gz8A2Te6kLk0LO09sBcmnoAgGDLf4iKiFPKEsq,TRUE,FALSE,1529977421774-808dda19c3f9,"""2022-01-01""",
34,Rosalia,Sumbiela,del Pino,rosalia_sumbiela@hotmail.com,34,245956519,1987-02-19,35164153M,1,15,,,,,,,"""2022-01-01""",
35,Ravi,Singh,,ravi_singh@yahoo.com,34,424649296,1994-09-12,62000855P,1,16,ravisingh,password,$2a$10$l1Vmac11oGJP7J4Gz8A2Te6kLk0LO09sBcmnoAgGDLf4iKiFPKEsq,TRUE,FALSE,1492562080023-ab3db95bfbce,"""2022-01-01""",
36,Shaila,Gupta-Singh,,shaila_gupta.singh@hotmail.com,34,925094841,1991-01-14,46535516F,1,16,,,,,,,"""2022-01-01""",
37,Esperanza,Montoya,Escobar,espemontoya@yahoo.com,34,609329447,1998-11-03,58529701Z,2,17,,,,,,,"""2022-01-01""",
38,Renzo,Acevedo,Gonzalez,renzo_crack02@gmail.com,34,963218800,2002-06-19,70828988M,2,17,,,,,,,"""2022-01-01""",
39,Belén,Villegas ,Valenzuela,belenvilval@hotmail.com,34,706345980,1995-08-30,95515925F,2,17,belenvillegas,password,$2a$10$l1Vmac11oGJP7J4Gz8A2Te6kLk0LO09sBcmnoAgGDLf4iKiFPKEsq,TRUE,FALSE,1492633423870-43d1cd2775eb,"""2022-01-01""",
40,Suzanne,Woods,,susiewoods@hotmail.com,34,838995560,1981-05-08,25332987M,2,18,suzannewoods,password,$2a$10$l1Vmac11oGJP7J4Gz8A2Te6kLk0LO09sBcmnoAgGDLf4iKiFPKEsq,TRUE,FALSE,1506863530036-1efeddceb993,"""2022-01-01""",
41,Melvin,Woods,,melvinwoods79@yahoo.com,34,378897321,1979-07-07,98192302N,2,18,,,,,,,"""2022-01-01""",
42,Nicolás,Perez ,Perez,nikoperez2@hotmail.com,34,948213091,1993-08-06,75319865V,2,19,,,,,,,"""2022-01-01""",
43,Eusebio,Gómez,Braille,eusebio_gombra@gmail.com,34,936459554,1980-10-10,87626347G,2,19,eusebiomanrique,password,$2a$10$l1Vmac11oGJP7J4Gz8A2Te6kLk0LO09sBcmnoAgGDLf4iKiFPKEsq,TRUE,FALSE,1521817760127-e15c26f67fd2,"""2022-01-01""",
44,Raúl,Manrique,Seminario,raul.manrique@hotmail.com,34,482057334,1985-02-15,93710295H,2,20,,,,,,,"""2022-01-01""",
45,Gabriela,Camacho,Peralta,gaby.camacho@yahoo.com,34,947104722,1980-03-06,73017594G,2,20,gabrielacamacho,password,$2a$10$l1Vmac11oGJP7J4Gz8A2Te6kLk0LO09sBcmnoAgGDLf4iKiFPKEsq,TRUE,FALSE,1488508872907-592763824245,"""2022-01-01""",
46,Aaron,White,,aaron_white99@gmail.com,34,418320119,1999-03-01,56570285Z,2,21,aaronwhite,password,$2a$10$l1Vmac11oGJP7J4Gz8A2Te6kLk0LO09sBcmnoAgGDLf4iKiFPKEsq,TRUE,FALSE,1512484776495-a09d92e87c3b,"""2022-01-01""",
47,Janice,Simpson,,janice.simpson@gmail.com,34,820247273,2002-08-22,95010162Z,2,21,,,,,,,"""2022-01-01""",
48,Isabel,Pacheco,Tapia,sabel.pacheco@gmail.com,34,973458646,1973-11-24,04602000E,2,22,,,,,,,"""2022-01-01""",
49,Brian,Adams,,brian.adams@yahoo.com,34,687909832,1985-07-13,90158168P,2,22,brianadams,password,$2a$10$l1Vmac11oGJP7J4Gz8A2Te6kLk0LO09sBcmnoAgGDLf4iKiFPKEsq,TRUE,FALSE,1468218457742-ee484fe2fe4c,"""2022-01-01""",
50,Kevin,Durant,,kevin.durant@hotmail.com,34,659768643,1998-04-30,43860950L,2,23,kevindurant,password,$2a$10$l1Vmac11oGJP7J4Gz8A2Te6kLk0LO09sBcmnoAgGDLf4iKiFPKEsq,TRUE,FALSE,1489980557514-251d61e3eeb6,"""2022-01-01""",
51,Lara,Herrera ,Espinoza,lara.herrera@gmail.com,34,885355937,1998-09-05,90763073J,2,24,laraherrera,password,$2a$10$l1Vmac11oGJP7J4Gz8A2Te6kLk0LO09sBcmnoAgGDLf4iKiFPKEsq,TRUE,FALSE,1542131596-91a634bfc5e7,"""2022-01-01""",
52,Daniela,Herrera,Espinoza,daniela.herrera@yahoo.com,34,618985569,1995-12-17,94368182X,2,24,,,,,,,"""2022-01-01""",
53,Isaac,Wells,,isaac.wells@yahoo.com,34,650558180,2003-10-11,26033775Y,2,25,isaacwells,password,$2a$10$l1Vmac11oGJP7J4Gz8A2Te6kLk0LO09sBcmnoAgGDLf4iKiFPKEsq,TRUE,FALSE,1504199367641-aba8151af406,"""2022-01-01""",
54,Jordi,Cruz,Silva,jordi.cruz@hotmail.com,34,921160077,1983-01-09,56861626Z,2,25,,,,,,,"""2022-01-01""",
55,Nestor,Aguilar,Peralta,nestor.aguilar@gmail.com,34,428143794,2001-08-19,84935712R,2,26,naperalta,password,$2a$10$l1Vmac11oGJP7J4Gz8A2Te6kLk0LO09sBcmnoAgGDLf4iKiFPKEsq,TRUE,FALSE,1472099645785-5658abf4ff4e,"""2022-01-01""",
56,Héctor,Aguilar ,Peralta,hector.aguilar@yahoo.com,34,597799321,2002-03-26,47445025G,2,26,,,,,,,"""2022-01-01""",
57,Adela,Peralta,Vega,adela.peralta@hotmail.com,34,675271514,1978-05-31,72922555C,2,27,adelaperalta,password,$2a$10$l1Vmac11oGJP7J4Gz8A2Te6kLk0LO09sBcmnoAgGDLf4iKiFPKEsq,TRUE,FALSE,1516913840875-366de3e463bd,"""2022-01-01""",
58,Santiago,Aguilar,Viga,santiago.aguilar@gmail.com,34,454348597,1982-11-02,15907991H,2,27,,,,,,,"""2022-01-01""",
59,Johan,Karel,,johan.karel@hotmail.com,34,612706702,2005-01-07,04739439J,2,28,johankarel,password,$2a$10$l1Vmac11oGJP7J4Gz8A2Te6kLk0LO09sBcmnoAgGDLf4iKiFPKEsq,TRUE,FALSE,1541112324160-e8a425b58dac,"""2022-01-01""",
60,Zhang,Wei,,zhang.wei@gmail.com,34,563161537,1997-09-14,24950067N,2,29,zhangwei,password,$2a$10$l1Vmac11oGJP7J4Gz8A2Te6kLk0LO09sBcmnoAgGDLf4iKiFPKEsq,TRUE,FALSE,1532170579297-281918c8ae72,"""2022-01-01""",
61,Li ,Min,,li.min@yahoo.com,34,966921832,1994-12-28,29464744L,2,29,,,,,,,"""2022-01-01""",
62,Diego,Salazar,Torres,diego.salazar@yahoo.com,34,864752808,2000-03-18,03325587V,2,30,diegosalazar,password,$2a$10$l1Vmac11oGJP7J4Gz8A2Te6kLk0LO09sBcmnoAgGDLf4iKiFPKEsq,TRUE,FALSE,1594849017806-9f5795c6758d,"""2022-01-01""",
63,Alejandro,Allende,Alarjón,alejandro.allende@hotmail.com,34,385702989,1971-10-22,43566488A,2,31,,,,,,,"""2022-01-01""",
64,Patricia,Vargas,Llosa,patricia.vargas@gmail.com,34,950449355,1984-08-06,48985645S,2,31,patriciavargas,password,$2a$10$l1Vmac11oGJP7J4Gz8A2Te6kLk0LO09sBcmnoAgGDLf4iKiFPKEsq,TRUE,FALSE,1603988089669-c041ac2fe196,"""2022-01-01""",
65,Sandra,Kostas,,sandra.kostas@yahoo.com,34,931104488,1996-02-15,98991792E,2,32,,,,,,,"""2022-01-01""",
66,Olga,Kovalenko,,olga.kovalenko@hotmail.com,34,685622617,1979-12-03,46288180J,2,32,olgakovalenko,password,$2a$10$l1Vmac11oGJP7J4Gz8A2Te6kLk0LO09sBcmnoAgGDLf4iKiFPKEsq,TRUE,FALSE,1495914510314-ba3164b1321f,"""2022-01-01""",
67,Irene,Nowak,,irene.nowak@gmail.com,34,221517010,1991-05-07,76102441H,2,32,,,,,,,"""2022-01-01""",
68,Ainhoa,Otxoa,Aguirre,ainhoa.otxoa@yahoo.com,34,232771577,1981-07-20,39315828L,2,33,ainhoaotxoa,password,$2a$10$l1Vmac11oGJP7J4Gz8A2Te6kLk0LO09sBcmnoAgGDLf4iKiFPKEsq,TRUE,FALSE,1499229694635-fc626e0d9c01,"""2022-01-01""",
69,Lourdes,Cortez,Ibaéz,lourdes.cortez@hotmail.com,34,305742964,2002-09-28,24706023K,2,33,,,,,,,"""2022-01-01""",
70,Javier,Fernandez,Ochoa,javier.fernandez@gmail.com,34,700963196,1975-01-16,20163152H,2,34,,,,,,,"""2022-01-01""",
71,Joaquin,Ramirez,Gutiérrez,joaquin.ramirez@yahoo.com,34,645162565,1999-11-23,01720623Q,2,34,joaquinramirez,password,$2a$10$l1Vmac11oGJP7J4Gz8A2Te6kLk0LO09sBcmnoAgGDLf4iKiFPKEsq,TRUE,FALSE,1624395213232-ea2bcd36b865,"""2022-01-01""",
72,Ernesto,Delgado,Fernández,ernesto.delgado@hotmail.com,34,303689487,2004-06-01,54914007N,2,35,,,,,,,"""2022-01-01""",
73,Sonia,Castillo,González,sonia.castillo@yahoo.com,34,107627021,1986-09-27,10500290P,2,35,soniacastillo,password,$2a$10$l1Vmac11oGJP7J4Gz8A2Te6kLk0LO09sBcmnoAgGDLf4iKiFPKEsq,TRUE,FALSE,1507101105822-7472b28e22ac,"""2022-01-01""",
74,Consuelo,Herrera,Sánchez,consuelo.herrera@hotmail.com,34,631995879,1994-04-05,54307628M,2,36,consueloherrera,password,$2a$10$l1Vmac11oGJP7J4Gz8A2Te6kLk0LO09sBcmnoAgGDLf4iKiFPKEsq,TRUE,FALSE,1524550158212-33f2ff985344,"""2022-01-01""",
75,Oscar,Peralta,Molina,oscar.peralta@gmail.com,34,771009861,1989-10-13,93204137H,2,37,oscarperalta,password,$2a$10$l1Vmac11oGJP7J4Gz8A2Te6kLk0LO09sBcmnoAgGDLf4iKiFPKEsq,TRUE,FALSE,1645830166230-187caf791b90,"""2022-01-01""",
76,Raúl,Dominguez,Ortiz,raul.dominguez@hotmail.com,34,932343024,1991-03-03,52223455T,2,37,,,,,,,"""2022-01-01""",
77,Paula,Martínez,Castro,paula.martinez@gmail.com,34,401116309,2002-11-30,41363919Y,2,38,paulamartinez,password,$2a$10$l1Vmac11oGJP7J4Gz8A2Te6kLk0LO09sBcmnoAgGDLf4iKiFPKEsq,TRUE,FALSE,1534528741775-53994a69daeb,"""2022-01-01""",
78,Salvador,Serrano,Jiménez,salvador.serrano@yahoo.com,34,807279974,1982-06-15,79453724V,2,38,,,,,,,"""2022-01-01""",
79,Nuría,Rodríguez,Salvador,nuria.rodriguez@hotmail.com,34,776287829,1976-09-02,58433795H,2,39,,,,,,,"""2022-01-01""",
80,Victor,López,Sacastume,victor.lopez@gmail.com,34,409966769,1997-01-12,61744063B,2,39,victorlopez,password,$2a$10$l1Vmac11oGJP7J4Gz8A2Te6kLk0LO09sBcmnoAgGDLf4iKiFPKEsq,TRUE,FALSE,1645830166230-187caf791b90,"""2022-01-01""",
81,Silvia,Morales,Corazón,silvia.morales@yahoo.com,34,237827162,2004-05-20,78128952E,2,40,silviamorales,password,$2a$10$l1Vmac11oGJP7J4Gz8A2Te6kLk0LO09sBcmnoAgGDLf4iKiFPKEsq,TRUE,FALSE,1485960994840-902a67e187c8,"""2022-01-01""",
82,Palmira,Villa,Escribano,palmivilla@hotmail.com,34,865214590,1978-02-23,04563677V,,,palmiravilla,password,$2a$10$l1Vmac11oGJP7J4Gz8A2Te6kLk0LO09sBcmnoAgGDLf4iKiFPKEsq,TRUE,FALSE,1507152832244-10d45c7eda57,,
83,Jose Luís,Salas,Ibarra,jlsalas@yahoo.com,34,690144670,1953-12-13,75920194T,,,joseluissalas,password,$2a$10$l1Vmac11oGJP7J4Gz8A2Te6kLk0LO09sBcmnoAgGDLf4iKiFPKEsq,TRUE,FALSE,1697634203747-5282f52a8585,,
84,Pablo,Gil ,Ramos,pablogil01@gmail.com,34,690444219,2001-09-03,39496103C,,,pablogil,password,$2a$10$l1Vmac11oGJP7J4Gz8A2Te6kLk0LO09sBcmnoAgGDLf4iKiFPKEsq,TRUE,FALSE,1624395213232-ea2bcd36b865,,
85,Margaret,Keller,,maggie_keller@hotmail.com,34,604303117,1973-03-14,54266227G,,,margaretkeller,password,$2a$10$l1Vmac11oGJP7J4Gz8A2Te6kLk0LO09sBcmnoAgGDLf4iKiFPKEsq,TRUE,FALSE,1579295560051-3df968edb036,,
86,Gustavo,Madera,Nieto,gus.madera@hotmail.com,34,888336712,1977-04-21,72534248E,,,gustavomadera,password,$2a$10$l1Vmac11oGJP7J4Gz8A2Te6kLk0LO09sBcmnoAgGDLf4iKiFPKEsq,TRUE,FALSE,1520560868530-7877729f8942,,
87,Arturo,Quevedo,Robles,quevedo_robles@hotmail.com,34,878136330,1972-04-29,97585098P,,,arturoquevedo,password,$2a$10$l1Vmac11oGJP7J4Gz8A2Te6kLk0LO09sBcmnoAgGDLf4iKiFPKEsq,TRUE,FALSE,1504199367641-aba8151af406,,
88,Antonio,Gonzaga,Claro,antonio_gonzaga@yahoo.es,34,540997802,1967-09-11,22137770V,,,antoniogonzaga,password,$2a$10$l1Vmac11oGJP7J4Gz8A2Te6kLk0LO09sBcmnoAgGDLf4iKiFPKEsq,TRUE,FALSE,1456327102063-fb5054efe647,,
89,Erika,Tapia,Rosales,erika.tapia_rosales@hotmail.com,34,744219387,1968-01-29,80073680P,,,erikatapia,password,$2a$10$l1Vmac11oGJP7J4Gz8A2Te6kLk0LO09sBcmnoAgGDLf4iKiFPKEsq,TRUE,FALSE,1641311280728-bec9ba3f221f,,
90,Andrea,Molina,Acosta,dreamoac@yahoo.es,34,967003461,1986-12-24,97545284F,,,andreamolina,password,$2a$10$l1Vmac11oGJP7J4Gz8A2Te6kLk0LO09sBcmnoAgGDLf4iKiFPKEsq,TRUE,FALSE,1512288094938-363287817259,,
91,Bruno,Herrera,Soler,bruno.herrera@hotmail.com,34,463069515,1978-02-28,30974704Y,,,bhsoler,password,$2a$10$l1Vmac11oGJP7J4Gz8A2Te6kLk0LO09sBcmnoAgGDLf4iKiFPKEsq,TRUE,FALSE,1566753323558-f4e0952af115,,
92,Miriam,Espinoza,Castillo,miriam.espinoza@gmail.com,34,617053614,1974-06-22,40786311C,,,miriamespinosa,password,$2a$10$l1Vmac11oGJP7J4Gz8A2Te6kLk0LO09sBcmnoAgGDLf4iKiFPKEsq,TRUE,FALSE,1508002366005-75a695ee2d17,,
93,François,Moreau,,francois.moreau@yahoo.com,34,549773458,1990-07-25,06200942G,,,françoismoreau,password,$2a$10$l1Vmac11oGJP7J4Gz8A2Te6kLk0LO09sBcmnoAgGDLf4iKiFPKEsq,TRUE,FALSE,1513925407702-735e1f07e988,,
94,Huang ,Wei,,huang.wei@hotmail.com,34,624346802,1976-04-03,01017494C,,,hwei,password,$2a$10$l1Vmac11oGJP7J4Gz8A2Te6kLk0LO09sBcmnoAgGDLf4iKiFPKEsq,TRUE,FALSE,1622626426572-c268eb006092,,
95,Elena,Montoya,Pérez,elena.montoya@gmail.com,34,966251384,1972-03-11,41794147L,,,elenamontoya,password,$2a$10$l1Vmac11oGJP7J4Gz8A2Te6kLk0LO09sBcmnoAgGDLf4iKiFPKEsq,TRUE,FALSE,1526080652727-5b77f74eacd2,,
96,Germán,Vargas,Díaz,german.vargas@yahoo.com,34,192719340,1977-08-08,31136436W,,,germanvargas,password,$2a$10$l1Vmac11oGJP7J4Gz8A2Te6kLk0LO09sBcmnoAgGDLf4iKiFPKEsq,TRUE,FALSE,1529111290557-82f6d5c6cf85,,
97,Esteban,Lozano,del Rio,eldelrio92@gmail.com,34,803553902,1992-03-07,49751664L,,,estebanlozano,password,$2a$10$l1Vmac11oGJP7J4Gz8A2Te6kLk0LO09sBcmnoAgGDLf4iKiFPKEsq,TRUE,FALSE,1513925407702-735e1f07e988,,
98,Chen,Min,,chen.min@gmail.com,34,197208276,1973-06-10,05009487H,,,chengmin,password,$2a$10$l1Vmac11oGJP7J4Gz8A2Te6kLk0LO09sBcmnoAgGDLf4iKiFPKEsq,TRUE,FALSE,1699435743279-c939e8eb8f80,,
99,Adriana,Navarro,Villa,adrian.navarro@hotmail.com,34,912257767,1983-04-14,41318419T,,,adriananavarro,password,$2a$10$l1Vmac11oGJP7J4Gz8A2Te6kLk0LO09sBcmnoAgGDLf4iKiFPKEsq,TRUE,FALSE,1627744078152-c106f8d738d6,,
100,Francisco,Lombardi,Galarreta,francisco.lombardi@ejemplo.net,34,999666111,1969-08-09,11928436U,,,franciscolombardi,password,$2a$10$l1Vmac11oGJP7J4Gz8A2Te6kLk0LO09sBcmnoAgGDLf4iKiFPKEsq,TRUE,FALSE,1572631382901-cf1a0a6087cb,,
101,Humberto,Campodónico,Linares,hc.linares@yahoo.es,34,716749252,1972-09-23,11155577Y,3,41,hclinares,password,$2a$10$l1Vmac11oGJP7J4Gz8A2Te6kLk0LO09sBcmnoAgGDLf4iKiFPKEsq,TRUE,FALSE,1510821984-41a9197835e6,"""2022-01-01""",
102,Tatiana,Rey,Tello,trtello@pucp.edu.es,34,618573026,1983-12-01,73291043U,4,61,dmtellotrtello,password,$2a$10$l1Vmac11oGJP7J4Gz8A2Te6kLk0LO09sBcmnoAgGDLf4iKiFPKEsq,TRUE,FALSE,1620231145627-fd3a3b321d57,"""2022-01-01""",
103,Mauricio,Chávez,Vizcarra,mcvizcarra@gmail.com,34,916505126,1999-09-19,11222712B,5,81,mcvizcarra,password,$2a$10$l1Vmac11oGJP7J4Gz8A2Te6kLk0LO09sBcmnoAgGDLf4iKiFPKEsq,TRUE,FALSE,1588976612067-d015cbbdb38b,"""2022-01-01""",
104,Martina,Carranza,Romero,mcromero@altavista.net,34,777123940,1975-06-01,11109874H,6,101,mcromero,password,$2a$10$l1Vmac11oGJP7J4Gz8A2Te6kLk0LO09sBcmnoAgGDLf4iKiFPKEsq,TRUE,FALSE,1511684344724-cda927f1ba0e,"""2022-01-01""",
105,Amapola,Miranda,Málaga,amapola.mm@correo.com,34,683055026,1969-03-29,16852244F,7,121,amapola.mm,password,$2a$10$l1Vmac11oGJP7J4Gz8A2Te6kLk0LO09sBcmnoAgGDLf4iKiFPKEsq,TRUE,FALSE,1618297817149-d703265028b8,"""2022-01-01""",
106,Daniela,Quezada,Alegría,dqalegria@gmail.com,34,777111999,2001-11-22,61999991V,8,141,dqalegria,password,$2a$10$l1Vmac11oGJP7J4Gz8A2Te6kLk0LO09sBcmnoAgGDLf4iKiFPKEsq,TRUE,FALSE,1526510747491-58f928ec870f,"""2022-01-01""",
107,Emilio,Miranda,López,emlopez@hotmail.com,34,666111000,2002-12-23,11000222Y,9,161,emlopez,password,$2a$10$l1Vmac11oGJP7J4Gz8A2Te6kLk0LO09sBcmnoAgGDLf4iKiFPKEsq,TRUE,FALSE,1590031905406-f18a426d772d,"""2022-01-01""",
108,Annette,Dubois,Jiménez,adjimenez,34,888550192,2003-01-03,72934798Q,10,181,adjimenez,password,$2a$10$l1Vmac11oGJP7J4Gz8A2Te6kLk0LO09sBcmnoAgGDLf4iKiFPKEsq,TRUE,FALSE,1526510747491-58f928ec870f,"""2022-01-01""",
109,Bruno,Palomino,Vélez,bruno.palomino@hotmail.com,34,5017902377,1985-04-04,59128374D,,,admin,admin,$2a$10$AtCT2HGhcG7CAbRiDSxfDuXgh5Wrru6nSy3WpYwe7M2PWh32cuS2i,TRUE,FALSE,1620225700456-a5006ce38d66,,
110,Omar,Quezada,Machiavello,omar.quezada@hotmail.com,34,3429875460,1975-05-07,93094857W,,,omarQM,password,$2a$10$l1Vmac11oGJP7J4Gz8A2Te6kLk0LO09sBcmnoAgGDLf4iKiFPKEsq,TRUE,FALSE,1611413194619-43d598287739,,